# ID | réponse correcte | distracteur 1 | distracteur 2 | explication des choix
aps62-01-01-q1|Rester au hall, expliquer la limite et faire préciser la demande au responsable.|Demander un accord écrit au client avant de suivre brièvement la personne dehors.|Faire couvrir le hall par un collègue puis vérifier où se rend la personne.|Faire remplacer l’agent ou écrire la demande règle l’organisation du poste, pas le droit d’effectuer cette surveillance personnelle.
aps62-01-02-q1|Faire vérifier le titre d’exercice et sa validité avant de confirmer la vacation.|Confirmer la vacation après avoir contrôlé le diplôme et l’autorisation d’entrée en formation.|Prévoir une première vacation en binôme, le temps de vérifier la carte professionnelle.|Le diplôme et l’autorisation de formation ne remplacent pas le titre permettant l’exercice. Travailler en binôme ne corrige pas cette absence de vérification.
aps62-01-03-q1|Vérifier séparément le cadre de la structure, le titre individuel et l’accès au site.|Contrôler les cartes des prestataires et accepter le badge pour les salariés du centre.|Vérifier les cartes individuelles et considérer qu’elles couvrent aussi l’autorisation de chaque structure.|Une carte, une autorisation de structure et un badge répondent à des questions différentes. Le statut de salarié interne ne rend pas ces vérifications interchangeables.
aps62-01-04-q1|Faire rétablir une identification visible et une tenue sans confusion avec la police.|Garder le polo proposé et préciser oralement aux visiteurs que l’équipe relève du privé.|Utiliser la tenue habituelle en acceptant que le gilet masque l’identification pendant l’accueil.|Une explication orale ne corrige pas nécessairement l’apparence trompeuse. La tenue et la visibilité de l’identification doivent être examinées ensemble.
aps62-02-01-q1|Consigner les faits : le remboursement n’exclut pas d’autres formes de responsabilité.|Classer l’incident après remboursement, tout en conservant le reçu pour une éventuelle contestation.|Transmettre seulement le dommage matériel, les propos signalés ne concernant pas son indemnisation.|Réparer le téléphone traite le dommage matériel, sans effacer les autres faits. Le compte rendu doit aussi attribuer les propos rapportés au témoin.
aps62-02-02-q1|Arrêter la riposte, protéger les personnes et alerter sans poursuivre pour sanctionner.|Poursuivre la personne pour la maintenir au sol jusqu’à ce qu’elle présente ses excuses.|Laisser le collègue terminer son intervention avant d’apprécier si le danger existe encore.|La décision dépend de la situation actuelle. L’agression précédente ne suffit pas à justifier une poursuite punitive ou une attente avant réévaluation.
aps62-02-03-q1|Alerter depuis une zone sûre et protéger l’accès en signalant l’odeur aux secours.|Entrer pour apprécier d’abord l’état du blessé, puis appeler avec un bilan plus précis.|Demander au témoin de rejoindre le blessé pendant que l’agent organise l’appel des secours.|Obtenir un meilleur bilan ne justifie pas une exposition non maîtrisée. Faire entrer un témoin déplace le danger sur une autre personne.
aps62-03-01-q1|Recueillir les éléments disponibles et garder l’échange volontaire tant que le cadre reste incertain.|Bloquer provisoirement la sortie pendant que le vendeur vérifie l’origine de l’alarme.|Conditionner le départ à la présentation du contenu du sac, puis vérifier avec le vendeur.|L’alarme ne suffit pas à elle seule à établir les conditions d’une contrainte. Une vérification proposée ne doit pas devenir un départ empêché.
aps62-03-02-q1|Alerter rapidement les forces de l’ordre et prendre en compte la blessure signalée.|Achever l’inventaire avec le responsable avant de joindre les forces de l’ordre.|Appeler les forces de l’ordre après avoir obtenu une déclaration complète de la personne.|Le relais ne doit pas être retardé pour un besoin commercial ou pour obtenir une déclaration. La santé de la personne reste à prendre en compte immédiatement.
aps62-04-01-q1|Orienter la demande vers le responsable habilité et conserver les éléments selon la procédure.|Transmettre uniquement un extrait court au voisin, en lui demandant de ne pas le publier.|Masquer les autres personnes puis envoyer l’image au voisin pour qu’il identifie la cliente.|Limiter l’extrait ou masquer des tiers ne crée pas, à lui seul, un droit de transmettre. La demande doit suivre le circuit autorisé.
aps62-05-01-q1|Appliquer les mêmes critères d’accès et faire préciser tout fait justifiant un contrôle supplémentaire.|Accepter le contrôle supplémentaire pour rassurer le collègue, puis revoir la pratique après l’accueil.|Faire décider le responsable sur la seule description du nom et de l’apparence du visiteur.|Le relais hiérarchique ne transforme pas un critère discriminatoire en fait de sécurité. Une différence de contrôle doit pouvoir être justifiée objectivement.
aps62-05-02-q1|Vérifier les règles applicables au site avant d’imposer une restriction liée au signe porté.|Demander le retrait du signe pendant la visite afin de rendre l’accueil identique pour tous.|Suspendre systématiquement l’accès de toute personne portant un signe jusqu’à l’accord de la direction.|L’agent doit identifier une règle applicable et son motif concret. Une mesure présentée comme identique pour tous peut malgré tout reposer sur une interdiction inventée.
aps62-05-03-q1|Surveiller les faits et expliquer à l’organisateur les limites de la réponse demandée.|Isoler la personne dans un bureau pour terminer la cérémonie, puis revoir la situation.|Conserver son téléphone à l’accueil pour éviter la diffusion des critiques pendant la cérémonie.|Les critiques décrites ne constituent pas, dans ce cas, un danger observé. La gêne ressentie par l’organisateur ne justifie pas les mesures demandées.
aps62-06-01-q1|Refuser l’enveloppe et faire vérifier la livraison par le circuit prévu avant l’accès.|Déposer l’enveloppe au poste et laisser passer le fournisseur après avoir relevé son identité.|Refuser l’enveloppe mais accorder l’accès sur l’assurance que le directeur l’a autorisé.|Refuser l’avantage ne suffit pas si le contrôle est ensuite contourné. L’autorisation alléguée et les références de livraison restent à vérifier.
aps62-06-02-q1|Refuser la transmission personnelle et signaler le partage de données par le canal autorisé.|Donner seulement une plage horaire à l’ami et demander la suppression du groupe ensuite.|Retirer les noms du message et transférer le document sur son propre compte pour le conserver.|Une information partielle peut rester sensible. Supprimer des noms ou conserver une copie personnelle ne remplace pas l’usage d’un circuit autorisé.
aps62-06-03-q1|Vérifier la qualité des contrôleurs, prévenir le responsable et présenter les documents sans altération.|Faire remplacer le planning incomplet par une version corrigée sans conserver la trace initiale.|Attendre la validation complète du responsable avant de signaler l’existence du planning incomplet.|Une erreur doit être expliquée et corrigée de façon traçable, pas dissimulée avant contrôle. La surveillance du site doit aussi rester organisée.
aps62-06-04-q1|Signaler l’effectif réellement présent et demander la vérification du remplaçant avant validation.|Signer l’effectif prévu en ajoutant une note interne indiquant que le second agent arrive.|Accepter le remplaçant annoncé et différer la vérification de ses titres jusqu’à la relève.|Le document doit refléter la présence réelle. Une note annexe ou une arrivée annoncée ne remplace ni cette exactitude ni la vérification du remplacement.
aps62-07-01-q1|Reconnaître l’attente, préciser le besoin et rechercher des faits indiquant une montée de tension.|Traiter la hausse de voix comme une menace établie et demander immédiatement l’éloignement.|Faire patienter sans nouvelle explication pour ne pas encourager les protestations à l’accueil.|L’insatisfaction décrite ne suffit pas à établir une agression. Donner une information utile peut agir sur la cause de la tension sans renoncer aux règles.
aps62-07-02-q1|Reformuler sa demande et annoncer la vérification du rendez-vous auprès de l’interlocuteur prévu.|Rappeler l’absence de preuve et lui demander de revenir lorsqu’il pourra démontrer sa promesse.|Ouvrir la zone le temps qu’il retrouve son contact, puis vérifier la confirmation du rendez-vous.|L’écoute n’oblige pas à accorder l’accès. Une vérification expliquée traite le besoin tout en maintenant la limite de la zone restreinte.
aps62-07-03-q1|Dégager une possibilité de retrait, réduire la proximité et solliciter un relais adapté.|Renforcer la présence autour de l’interlocuteur pour lui montrer que l’équipe maîtrise la situation.|Poursuivre l’explication au comptoir avant de revoir l’encombrement et la position des collègues.|La disposition des personnes et des obstacles contribue à la tension. Il faut agir sur l’espace et la pression de l’échange, pas seulement sur les mots.
aps62-07-04-q1|Poser une limite calme, préserver ses coordonnées privées et organiser l’appui nécessaire.|Donner son adresse pour montrer sa bonne foi et reprendre ensuite l’explication du refus.|Répondre aux insultes devant les témoins pour rétablir l’autorité avant de demander un relais.|La limite professionnelle doit protéger l’agent et les tiers. Donner des coordonnées privées ou entrer dans l’affrontement ne traite pas le besoin d’appui.
aps62-07-05-q1|Tracer l’apaisement tout en gardant ouverts la consigne contradictoire et le besoin de soutien.|Clore l’incident puisque le visiteur est calme, puis laisser l’équipe régler la consigne oralement.|Maintenir l’incident ouvert jusqu’au prochain conflit pour confirmer que la consigne pose problème.|L’échange peut être terminé alors que sa cause ou ses effets persistent. Le suivi doit décrire ce qui est résolu et ce qui reste à traiter.
aps62-08-01-q1|Demander une clarification au relais prévu et conserver les mesures d’accès déjà autorisées.|Appliquer la fiche reçue hier, sa diffusion récente suffisant à la rendre prioritaire.|Retenir l’horaire le plus restrictif et le présenter au visiteur comme la règle validée.|La date ou le caractère plus restrictif ne prouve pas qu’une consigne est applicable. Il faut faire clarifier la version et son autorité.
aps62-08-02-q1|Donner la localisation, l’obstacle constaté, les mesures prises et l’appui demandé au PC.|Décrire longuement le problème de la veille avant de préciser la porte concernée aujourd’hui.|Demander au PC d’envoyer quelqu’un sans détailler l’accès pour ne pas occuper la radio.|Le destinataire doit pouvoir localiser et agir. Une référence à un incident antérieur ou une demande sans lieu l’oblige à deviner les informations essentielles.
aps62-08-03-q1|Séparer l’alarme, le propos du responsable et l’absence de confirmation sur le terrain.|Écrire « défaut confirmé » en reprenant la déclaration du responsable comme résultat du contrôle.|Écrire « retour à la normale » puisque l’alarme n’a pas été signalée une seconde fois.|Un propos reçu et l’absence d’un nouveau signal ne constituent pas un contrôle terrain. La trace doit rendre visible la vérification encore attendue.
aps62-08-04-q1|Distinguer ce qui est vu, déclaré par le témoin et visible sur la caméra.|Réunir les trois éléments dans un récit affirmant le vol pour faciliter la lecture du rapport.|Écarter le témoignage du rapport puisque l’agent n’a pas personnellement observé le vol.|Une information rapportée peut être utile si sa source est précisée. La fusionner avec une observation directe ou l’écarter systématiquement dégrade le rapport.
aps62-08-05-q1|Reprendre les trois dossiers ouverts et confirmer avec la relève les vérifications à poursuivre.|Considérer la relève faite dès que le collègue confirme avoir ouvert la main courante.|Transmettre seulement la clé manquante, les deux autres dossiers ayant déjà un intervenant identifié.|Avoir lu un document ne garantit pas la reprise d’une action. Une réparation annoncée et la présence d’une entreprise extérieure demandent encore un suivi explicite.
aps62-09-01-q1|Recouper les observations et examiner la nécessité de chaque geste dans sa chronologie.|Reprendre la qualification du collègue dans le rapport sans recouper le début de la scène.|Déduire la justification de toute l’intervention à partir du seul dernier geste observé.|L’analyse exige des faits attribués et ordonnés. Une qualification donnée par un collègue ou une observation partielle ne suffit pas à expliquer toute la séquence.
aps62-09-02-q1|Alerter sans attendre, décrire les signes et suivre les instructions adaptées à l’urgence.|Chercher d’abord le propriétaire dans les commerces voisins avant de mobiliser les secours.|Attendre de connaître la durée d’enfermement pour décider si l’alerte est vraiment nécessaire.|L’incertitude doit être transmise aux secours, pas résolue au prix d’un retard d’alerte. La réponse s’adapte aux signes et aux instructions reçues.
aps62-09-03-q1|Refuser de retenir le document et orienter le désaccord vers le traitement du litige.|Conserver le document dans une enveloppe fermée jusqu’à l’arrivée du responsable de facturation.|Rendre le document après signature d’un engagement de paiement proposé par le client.|Protéger matériellement le document ou proposer un engagement ne change pas l’usage contraignant demandé. Le litige doit suivre un relais adapté.
aps62-10-01-q1|Signaler l’exposition à la rallonge et rechercher une solution supprimant le passage dangereux.|Ajouter l’affiche proposée et attendre un premier incident avant de demander une autre mesure.|Demander aux agents de contourner le câble en laissant durablement le passage dans cet état.|L’absence d’accident ne supprime pas l’exposition. L’information et les détours improvisés ne remplacent pas l’examen d’une prévention à la source.
aps62-10-02-q1|Faire réexaminer le travail isolé et les moyens d’appui liés aux nouveaux horaires.|Conserver l’organisation précédente puisque les locaux et le matériel n’ont pas été modifiés.|Remettre une radio supplémentaire et considérer cette mesure suffisante pour valider le changement.|Un changement d’organisation peut modifier les risques sans changer le matériel. Un équipement ajouté ne remplace pas l’évaluation du travail réel et des relais.
aps62-10-03-q1|Faire valider les changements de lieu, de tâche et de produit avant le travail.|Autoriser le bâtiment B parce que le badge ouvre déjà sa porte et tracer ce choix.|Conserver l’autorisation du bâtiment A en considérant que le prestataire maîtrise son nouveau produit.|Une possibilité technique d’accès n’est pas une validation des conditions d’intervention. Les modifications doivent être examinées par les responsables concernés.
aps62-10-04-q1|Suivre les consignes validées et identifier l’autorité qui dirige la réponse applicable.|Orienter immédiatement tout le monde vers le point habituel sans vérifier son exposition actuelle.|Attendre l’arrivée des autorités extérieures avant de prendre connaissance des mesures internes du site.|La réponse doit rester coordonnée avec le danger et les responsabilités du dispositif. Improviser un trajet ou attendre sans appliquer les consignes crée un retard ou une exposition.
aps62-10-05-q1|Signaler les deux défauts et obtenir des conditions d’accès sûres avant la traversée.|Utiliser l’équipement personnel du collègue et écourter le passage pour limiter l’exposition.|Porter la taille disponible et rester loin du garde-corps pour maintenir le déplacement prévu.|Réduire le temps de passage ne valide pas un équipement inadapté. Les protections et le défaut collectif doivent être traités avec le relais compétent.
aps62-10-06-q1|Protéger l’accès, signaler les indices disponibles et solliciter le relais prévu pour la fuite.|Verser le nettoyant conseillé pour réduire rapidement la fuite avant l’arrivée du responsable.|S’approcher pour lire toute l’étiquette avant d’avertir le PC de la situation constatée.|L’information déjà disponible peut être transmise sans manipulation ni rapprochement. L’agent ne doit pas improviser un traitement du produit pour obtenir une identification complète.
aps62-10-07-q1|Faire vérifier l’autorisation d’accès et la compatibilité des équipements avant de rejoindre la zone.|Couper son téléphone et suivre le technicien avec la radio habituelle pour rester joignable.|Se fier à l’absence d’odeur et limiter la visite au temps nécessaire à l’échange.|Ni l’absence d’odeur ni une précaution partielle sur un appareil ne valide l’accès. Les conditions et les équipements relèvent du cadre prévu pour la zone.
aps62-11-01-q1|Écarter les personnes de l’exposition et faire intervenir le personnel compétent selon la consigne.|Recouvrir le câble détérioré et demander à l’utilisateur de signaler toute nouvelle anomalie.|Débrancher l’appareil en saisissant la prise noircie avant d’appeler le service de maintenance.|Le fonctionnement de l’appareil ne garantit pas sa sécurité. Une réparation ou une manipulation improvisée peut exposer l’agent au danger qu’il cherche à supprimer.
aps62-11-02-q1|Empêcher le contact, alerter et faire obtenir la mise en sécurité prévue avant l’aide.|Tirer la personne par ses vêtements pour l’éloigner avant de vérifier l’alimentation électrique.|Demander au témoin de déplacer l’équipement pendant que l’agent rejoint la personne au sol.|L’urgence de l’aide ne doit pas créer une seconde victime. Il faut traiter le danger électrique par les moyens prévus sans déplacer l’exposition sur un témoin.
aps62-12-01-q1|Distinguer les faits des rumeurs et vérifier les canaux officiels par le relais prévu.|Diffuser les captures avec la mention « à confirmer » pour prévenir rapidement toutes les équipes.|Attendre qu’un second groupe relaie les captures pour les considérer comme une alerte confirmée.|Une réserve écrite ou plusieurs relais d’une même rumeur ne constituent pas une vérification. Les faits utiles doivent suivre le circuit d’alerte sans amplifier les captures.
aps62-12-02-q1|Protéger les personnes et alerter sans approcher l’objet pour l’identifier soi-même.|Photographier l’objet de près pour permettre au responsable de décider s’il faut alerter.|Déplacer l’objet hors du passage afin de garder les accès disponibles pendant sa vérification.|Une meilleure image ou un passage dégagé ne justifie pas une manipulation ou une approche risquée. La protection et l’alerte priment sur l’identification personnelle.
aps62-12-03-q1|Vérifier la source officielle actuelle et les consignes validées applicables au site.|Reprendre l’affiche du PC en attendant qu’un nouveau document soit spontanément envoyé.|Choisir les mesures les plus strictes d’une ancienne affiche pour sécuriser le briefing.|L’absence de mise à jour reçue ne valide pas un document ancien. Une posture doit être reliée à sa source actuelle et à sa déclinaison pour le site.
aps62-12-04-q1|Rapporter les tentatives d’accès et leur contexte, sans déduire un risque de l’apparence.|Regrouper l’apparence et les photos dans le signalement pour justifier un contrôle approfondi.|Considérer toute prise de vue de la façade comme l’élément décisif du signalement.|Les comportements observés et les accès concernés sont les éléments exploitables. L’apparence ou une activité publique isolée ne doit pas remplacer cette description.
aps62-12-05-q1|Consigner les propos disponibles et déclencher le circuit d’alerte prévu sans diffusion personnelle.|Rappeler l’interlocuteur depuis son mobile pour compléter d’abord les informations manquantes.|Partager l’enregistrement avec les collègues sur leur messagerie pour identifier rapidement la voix.|L’information incomplète doit être transmise sans attendre une enquête personnelle. Le circuit prévu protège aussi la conservation et la diffusion des éléments reçus.
aps62-12-06-q1|Vérifier le courriel par un contact connu et alerter séparément sur l’odeur signalée.|Traiter d’abord le courriel urgent puis vérifier l’odeur une fois l’accès technique rétabli.|Répondre au courriel pour obtenir confirmation et attendre cette réponse avant les deux actions.|Le courriel douteux ne doit pas fournir lui-même le canal de vérification. L’autre signalement conserve son propre besoin d’évaluation et ne doit pas attendre cette réponse.
aps62-12-07-q1|Alerter sur les signes rapportés et le danger, en restant dans la zone sûre.|Rejoindre la victime pour confirmer les signes avant de demander l’intervention des secours.|Faire entrer le témoin auprès de la victime afin de guider son aide à distance.|La source indirecte doit être précisée aux secours. Un bilan plus complet ne justifie pas d’exposer l’agent ou le témoin dans une zone non sécurisée.
aps62-13-01-q1|Utiliser son accès autorisé et vérifier chaque fait pour que la saisie reste attribuable.|Utiliser le compte déjà ouvert puis inscrire son nom à la fin du rapport saisi.|Copier le rapport précédent et corriger les éléments signalés comme différents par le collègue.|Une signature dans le texte ne remplace pas l’attribution par le système. Une ancienne entrée ne constitue pas une vérification des faits de la vacation actuelle.
aps62-13-02-q1|Déclencher le mode dégradé et obtenir les seuls documents utiles par un accès autorisé.|Copier les documents sur une clé personnelle puis les supprimer dès le retour du réseau.|Utiliser le compte d’un collègue connecté à domicile pour récupérer l’ensemble des dossiers.|Une solution disponible n’est pas nécessairement autorisée. Le mode dégradé doit maintenir les informations utiles sans créer de copies ou d’accès personnels non prévus.
aps62-14-01-q1|Faire vérifier la mission du technicien tout en gardant distance et protection face aux risques.|L’accompagner directement jusqu’à son chantier afin d’identifier son responsable sur place.|Le retenir au poste jusqu’à ce qu’il démontre lui-même comment il a pénétré dans la zone.|La situation appelle une vérification et une protection coordonnées. L’absence d’explication immédiate ne suffit pas à transformer l’accès irrégulier en justification générale de contrainte.
aps62-14-02-q1|Compléter les éléments et distinguer l’image partielle du témoignage avant toute décision contraignante.|Intervenir sur la seule prise d’article filmée, puis rechercher le passage en caisse ensuite.|Retenir la personne sur l’affirmation du vendeur, en attendant de retrouver la séquence manquante.|Le moment absent doit rester identifié comme une limite. Une conviction du vendeur ne reconstitue pas automatiquement ce que la caméra n’a pas montré.
aps62-14-03-q1|Faire vérifier la nouvelle mission et organiser la continuité du poste avant tout départ.|Rejoindre l’intervention puis demander au PC de faire couvrir le poste incendie pendant l’absence.|Accepter le changement puisque l’employeur affecte habituellement l’agent à plusieurs missions de sécurité.|La proximité des métiers ne suffit pas à valider les qualifications et les moyens. La fonction essentielle ne doit pas être laissée sans continuité organisée.
aps62-14-04-q1|Réévaluer la contrainte, signaler les signes de santé et organiser les secours nécessaires.|Maintenir la même pression jusqu’au relais policier pour ne pas perdre le contrôle acquis.|Attendre que la personne formule une demande explicite de secours avant de modifier la réponse.|Une situation initialement différente peut évoluer. La coopération, la douleur et l’essoufflement exigent une réévaluation immédiate, sans attendre une formulation particulière de la demande.
aps62-14-05-q1|Préserver les éléments par le circuit prévu et signaler rapidement ce qui risque de disparaître.|Laisser terminer le nettoyage puis établir la liste des objets déplacés pour le rapport.|Filmer les personnes et les objets avec son téléphone pour conserver soi-même une copie complète.|La conservation doit rester organisée et traçable. Le nettoyage peut faire perdre des éléments ; une collecte personnelle sans cadre n’est pas le relais de conservation prévu.
aps62-14-06-q1|Organiser un interlocuteur et transmettre les faits datés, leurs sources et la situation actuelle.|Laisser chaque agent commencer son récit pour éviter de choisir entre les horaires divergents.|Présenter d’abord une chronologie unifiée et garder les désaccords pour un complément ultérieur.|Une transmission lisible peut mentionner les désaccords sans les masquer. L’état de santé et les éléments conservés doivent rester accessibles au relais compétent.
aps62-14-07-q1|Prioriser le malaise, demander l’appui et transmettre les indices disponibles sans compléter les inconnues.|Suivre d’abord la personne qui s’éloigne, puis revenir au hall après avoir confirmé le soupçon.|Demander au témoin de surveiller le malaise pendant que l’agent recherche l’objet supposé volé.|L’urgence humaine observée doit guider la priorité. Les indices liés au vol peuvent être transmis sans transformer des éléments manquants en certitude ni improviser un relais suffisant.
aps62-15-01-q1|Faire préciser les responsabilités, les contacts et les conduites prévues avant l’accueil du public.|Ouvrir les portails puis compléter les rôles à mesure que les premières demandes arrivent.|Utiliser les numéros de portail comme répartition suffisante et laisser chaque agent choisir son relais.|Une position sur le plan ne définit pas toutes les responsabilités. Les circuits de décision et d’alerte doivent être compris avant les premiers besoins opérationnels.
aps62-15-02-q1|Vérifier pour chaque personne la zone autorisée et la validité du titre présenté.|Accepter le bracelet et le badge comme preuves suffisantes puisque les deux personnes sont identifiées.|Faire confirmer les deux accès par l’artiste afin de compenser le badge périmé et la zone demandée.|Être identifié ou connaître un artiste ne suffit pas à établir un droit d’accès. La zone et la période autorisées restent à vérifier pour chaque titre.
aps62-15-03-q1|Signaler la compression et l’accès secours menacé, puis appliquer une régulation coordonnée avec le PC.|Suspendre de sa propre initiative les contrôles pour résorber la file avant de prévenir le PC.|Maintenir le filtrage inchangé jusqu’à ce que le nombre de visiteurs revienne à son niveau habituel.|La dégradation des flux demande une décision coordonnée. Un contournement improvisé des contrôles ou l’attente passive ne traite pas les deux risques signalés.
aps62-15-04-q1|Alerter rapidement en localisant les signes observés et en précisant les limites de visibilité.|Rejoindre seul le centre du passage pour confirmer la chute avant de transmettre l’alerte.|Attendre un décompte des personnes concernées pour donner au PC une information complètement vérifiée.|La limite de visibilité doit être transmise, pas comblée par une exposition ou un retard. Les signes décrits suffisent à demander une réponse coordonnée.
aps62-15-05-q1|Faire confirmer les itinéraires actualisés et transmettre la même orientation sûre aux équipes.|Maintenir les indications habituelles pour éviter de troubler le public pendant la modification.|Choisir au poste le trajet qui semble le plus court et informer les autres agents ensuite.|L’itinéraire le plus court ou le plus connu n’est pas nécessairement utilisable. La cohérence des indications dépend de consignes actualisées et confirmées.
aps62-15-06-q1|Identifier les droits de chaque acteur et appliquer la priorité opérationnelle prévue pour les secours.|Faire patienter tous les arrivants dans une file unique afin de conserver un traitement identique.|Accélérer le passage de l’artiste attendu puis reprendre les autres demandes par ordre d’arrivée.|Des situations différentes nécessitent des circuits distincts. L’équité ne consiste pas à ignorer une priorité opérationnelle ou les droits associés aux accès.
aps62-15-07-q1|Orienter la contestation vers la billetterie et maintenir un accueil sûr pour la file.|Autoriser provisoirement le passage sur le justificatif d’achat et faire vérifier le billet ensuite.|Écarter le billet signalé puis demander à la personne de revenir après la fin de l’affluence.|L’agent doit utiliser le circuit de résolution prévu sans présumer l’issue du litige. Le justificatif et le signalement de lecture doivent être examinés par le bon interlocuteur.
