# ID | réponse correcte | distracteur 1 | distracteur 2
aps62-q-04-01|Refuser cette copie et rappeler le circuit autorisé|Accepter la copie si le téléphone est verrouillé|Accepter la copie si elle est effacée après le service
aps62-q-04-02|Les personnes habilitées pour les besoins de leur fonction|Les salariés du site qui présentent leur badge professionnel|Les responsables de service qui en font la demande orale
aps62-q-04-03|L’orienter vers le responsable ou le contact indiqué|Vérifier son identité puis lui montrer les images|Lui copier les images de son heure de passage
aps62-q-04-04|Les données utiles prévues par la procédure d’accès|Les données disponibles sur la pièce présentée au poste|Les données permettant de recontacter son entourage
aps62-q-04-05|Non, le cadrage doit respecter la vie privée et la finalité|Oui, dès lors que la zone appartient à l’entreprise|Oui, dès lors que les salariés connaissent la caméra
aps62-q-04-06|Non, la durée dépend de la finalité et des règles applicables|Oui, si le système efface les plus anciennes automatiquement|Oui, si l’accès aux enregistrements reste limité au responsable
aps62-q-04-07|Utiliser le circuit d’extraction autorisé et tracer l’opération|Copier les images sur un support personnel pour éviter leur perte|Reporter toute demande jusqu’à l’effacement automatique prévu
aps62-q-04-08|Oui, par une information adaptée et accessible aux personnes|Oui, mais seulement lorsqu’une personne demande une copie|Oui, mais seulement pour les caméras filmant une entrée
aps62-q-04-09|Décrire les signes observés sans supposer de diagnostic|Inscrire le diagnostic probable pour guider le relais|Copier l’avis d’un témoin sans en citer la source
aps62-q-04-10|Protéger l’affichage et verrouiller le poste quand il est quitté|Réduire la luminosité tout en gardant le registre ouvert|Masquer les noms en laissant visibles les autres coordonnées
aps62-q-04-11|Conserver des accès individuels sans partager son mot de passe|Partager l’accès puis changer le mot de passe en fin de service|Autoriser l’accès en restant à proximité pendant son utilisation
aps62-q-04-12|Le nom d’un visiteur associé à son horaire d’entrée|La capacité maximale d’une salle de réunion|La référence d’une porte sur le plan du bâtiment
aps62-q-04-13|Non, elle répond à une finalité professionnelle définie|Oui, si l’accès au registre est réservé à l’équipe sécurité|Oui, si ces commentaires ne sont pas repris dans le rapport final
aps62-q-04-14|Vérifier le cadre de cette demande auprès du responsable|Transmettre la liste dès lors que le client possède le site|Transmettre les noms en retirant seulement les heures d’accès
aps62-q-04-15|Signaler la clé trouvée sans la brancher sur le poste|L’ouvrir pour identifier son propriétaire|La tester sur le poste vidéo plutôt qu’à l’accueil
aps62-q-04-16|Vérifier la demande par un circuit de contact déjà connu|Répondre au courriel pour obtenir une confirmation écrite|Envoyer un extrait du fichier avant de transmettre l’ensemble
aps62-q-04-17|Procéder à une rectification identifiable et traçable|Remplacer le nom dans la version validée sans garder de trace|Effacer le rapport initial et le recréer avec le même horaire
aps62-q-04-18|Ne pas imposer la fouille et appliquer la procédure d’accès licite|Procéder à la fouille si un second agent assiste au contrôle|Procéder à la fouille après avoir rappelé le règlement du site
aps62-q-04-19|Non, ce sont des actes distincts avec leurs conditions propres|Oui, dès lors que le propriétaire du bagage reste présent|Oui, dès lors qu’aucun objet n’est retiré du bagage contrôlé
aps62-q-04-20|Non, un cadre légal et ses conditions doivent être réunis|Oui, si l’agent motive ensuite sa décision dans le registre|Oui, si le contrôle semble nécessaire pour réduire l’attente
aps62-q-04-21|Le consentement exprès de la personne concernée|L’absence de protestation au début du contrôle|L’accord de l’organisateur pour les visiteurs
aps62-q-04-22|Une personne du même sexe dans les conditions légales requises|Tout agent disponible dès lors que la personne donne son accord|Tout membre de l’accueil désigné par le responsable de site
aps62-q-04-23|Orienter la demande vers le service habilité à communiquer|Montrer les images sans laisser le journaliste les emporter|Décrire les personnes filmées sans transmettre la séquence
aps62-q-04-24|Oui, un visage ou le contexte peut permettre l’identification|Non, si aucun nom n’est ajouté dans le fichier de l’image|Non, si la capture reste dans un échange entre collègues
aps62-q-04-25|Réserver les informations aux besoins professionnels autorisés|Réduire le nombre de lecteurs pour éviter toute demande de correction|Réserver le rapport aux personnes présentes au moment des faits
aps62-q-04-26|Au responsable prévu par la procédure, sans attendre|Au destinataire du fichier, avant toute information du responsable|À l’ensemble des salariés, afin de rechercher rapidement l’origine
aps62-q-04-27|L’agent alerte le responsable sans improviser la notification|L’agent notifie directement dès qu’une erreur de fichier est repérée|L’agent attend une plainte avant d’en informer son responsable
aps62-q-04-28|Protéger le document et suivre le circuit prévu pour le traiter|Photographier le document pour rechercher son propriétaire en ligne|Laisser le document visible afin que son propriétaire le retrouve
aps62-q-04-29|Apprendre sans exposer les données de personnes réelles|Éviter d’avoir à respecter les consignes pendant l’exercice|Remplacer la vérification des faits par une histoire vraisemblable
aps62-q-04-30|Le destinataire est-il habilité et l’information nécessaire ?|Le destinataire travaille-t-il régulièrement dans le bâtiment ?|Le destinataire promet-il de supprimer le fichier après lecture ?
aps62-q-05-01|Appliquer la même règle avec les adaptations d’accessibilité utiles|Appliquer une vérification renforcée au visiteur le moins familier|Appliquer une règle plus souple à celui recommandé par un collègue
aps62-q-05-02|Refuser la consigne discriminatoire et alerter la hiérarchie|Appliquer la consigne en demandant ensuite un ordre écrit|Demander à un collègue d’annoncer le refus à sa place
aps62-q-05-03|Rechercher un accès adapté en demandant le besoin à la personne|Faire entrer l’accompagnant d’abord pour qu’il organise seul l’accès|Déplacer le fauteuil vers l’autre entrée sans demander l’accord
aps62-q-05-04|Utiliser des phrases simples et un support de communication adapté|Répéter la même phrase plus fort jusqu’à obtenir une réponse|Demander uniquement à un autre visiteur de répondre à sa place
aps62-q-05-05|Un droit d’accès absent ou un fait objectif lié à la mission|Une apparence que l’agent associe à un groupe jugé à risque|Une origine supposée correspondant à un signalement très général
aps62-q-05-06|Oui, le respect de sa dignité reste une obligation|Oui, mais seulement si elle répond calmement|Oui, mais après confirmation de son identité
aps62-q-05-07|Faire cesser les propos et utiliser le relais prévu|Attendre la fin du service avant de relever les propos|S’éloigner pour ne pas être associé aux propos du collègue
aps62-q-05-08|Accueillir avec respect et solidarité dans le cadre de la mission|Écarter les contrôles pour toute personne exprimant une difficulté|Réserver une aide particulière aux visiteurs déjà connus du poste
aps62-q-05-09|Non, un désaccord ne justifie aucune humiliation|Oui, si ses propos ont choqué des témoins|Oui, si le rappel reste verbal et sans contact
aps62-q-05-10|Adapter la communication pour rendre la consigne accessible|Donner la consigne à l’accompagnant sans s’adresser à la personne|Répéter plus fort la consigne en conservant la même formulation
aps62-q-05-11|Un motif licite, précis et proportionné à la situation|Une consigne fondée sur la réputation du groupe|Une préférence du client sans lien avec l’accès
aps62-q-05-12|Non, les faits restent traités dans le même cadre applicable|Oui, si relever les faits risque de créer un sentiment d’inégalité|Oui, si la personne explique agir au nom d’une conviction personnelle
aps62-q-05-13|Adapter le rythme en maintenant les vérifications nécessaires|Écarter les vérifications afin de ne pas ralentir davantage la file|Accélérer le contrôle en demandant aux suivants de l’aider sans accord
aps62-q-05-14|Ils peuvent dévaloriser la personne et remplacent des faits précis|Ils ne sont pas utiles tant que la personne n’a pas donné son accord|Ils doivent seulement être évités dans la version remise au public
aps62-q-05-15|S’adresser à la personne elle-même selon ses besoins|Faire répondre l’accompagnant à sa place|Questionner le responsable avant de la laisser répondre
aps62-q-05-16|Non, la réaction doit rester dans le cadre légal applicable|Oui, si l’agent a d’abord demandé d’arrêter l’enregistrement|Oui, si la scène se déroule dans un établissement privé
aps62-q-05-17|Vérifier les faits et expliquer le critère objectif appliqué|Justifier le choix par l’expérience personnelle de l’agent|Mettre fin à l’échange sans préciser la règle d’accès utilisée
aps62-q-05-18|Évoquer discrètement une difficulté personnelle avec l’intéressé|Faire expliquer la difficulté devant la file pour justifier l’attente|Annoncer au poste le nom et la difficulté sur un canal entendu du public
aps62-q-05-19|Non, une opinion licite ne suffit pas à justifier une suspicion|Oui, si cette opinion déplaît à plusieurs personnes présentes|Oui, si l’agent pense qu’elle pourrait provoquer une discussion
aps62-q-05-20|Respecter son autonomie et éviter une aide physique inadaptée|S’assurer qu’un témoin pourra confirmer que l’aide a été proposée|Déterminer si la personne doit être dispensée de tout contrôle
aps62-q-05-21|Rassurer l’enfant et appliquer le dispositif de protection prévu|Confier l’enfant au premier adulte qui déclare le connaître|Publier sa photo sur un groupe local afin de retrouver sa famille
aps62-q-05-22|Non, il faut vérifier la règle réellement applicable à la situation|Oui, si l’interdiction est appliquée de manière identique à tous|Oui, si la règle permet de simplifier le contrôle à l’entrée
aps62-q-05-23|Rester professionnel, préserver la sécurité et signaler les faits|Répondre aux insultes pour montrer que la règle sera respectée|Poursuivre un débat sur les convictions de la personne devant la file
aps62-q-05-24|Demander quel besoin concret permettrait un accueil adapté|Exiger le diagnostic pour choisir soi-même l’aide|Exiger une explication devant l’équipe avant d’adapter
aps62-q-05-25|Non, une adaptation peut rendre l’accès réellement possible|Oui, une règle identique interdit toute différence de parcours|Oui, sauf lorsque la personne est déjà connue de l’accueil
aps62-q-05-26|« Je vous explique la règle et le recours prévu. »|« Le règlement est affiché, il n’y a rien à ajouter. »|« Si vous contestez, le contrôle sera prolongé. »
aps62-q-05-27|Signaler que cette collecte supposée est inadaptée à la mission|Remplir le registre seulement quand l’apparence paraît évidente|Demander systématiquement la religion pour traiter chacun pareil
aps62-q-05-28|Faire reformuler calmement ou montrer le parcours à suivre|Considérer l’absence de question comme une compréhension certaine|Répéter mot pour mot la consigne sans vérifier ce qui a été compris
aps62-q-05-29|Non, des mesures fondées sur les faits restent possibles|Oui, toute intervention créerait une différence de traitement|Oui, sauf si l’identité de la personne est déjà connue du poste
aps62-q-05-30|Une décision fondée sur une identité supposée plutôt que sur les faits|Une décision d’accès expliquée à partir d’un droit vérifié|Une décision contestée puis réexaminée par le responsable prévu
aps62-q-06-01|Refuser le cadeau et signaler la tentative selon le circuit prévu|Accepter le cadeau en conservant une partie des vérifications|Accepter le cadeau après avoir demandé l’accord du fournisseur
aps62-q-06-02|Ne pas divulguer l’information en dehors du cadre autorisé|Raconter les faits sans citer l’entreprise|Les raconter oralement en demandant le secret
aps62-q-06-03|Non, il repose sur la maîtrise, la légalité et le respect|Oui, si cette crainte permet de faire appliquer les consignes|Oui, si l’agent reste courtois lorsqu’aucun incident ne se produit
aps62-q-06-04|Refuser cet usage et signaler le détournement du dispositif|Accepter la recherche si aucune image n’est copiée ni partagée|Accepter la recherche pendant une période sans activité au poste
aps62-q-06-05|Signaler l’erreur, la corriger et garder une trace adaptée|Corriger discrètement l’erreur avant la relève|Attendre les questions du responsable pour expliquer
aps62-q-06-06|Non, la confidentialité et la dignité doivent être préservées|Oui, si la photo reste sur un compte limité à l’équipe|Oui, si la photo est publiée après la fin de la vacation
aps62-q-06-07|Refuser la consigne et alerter le responsable prévu|L’appliquer puisque l’ordre engage son auteur|Faire exécuter la consigne par un collègue
aps62-q-06-08|Pour agir de manière adaptée aux missions réellement confiées|Pour pouvoir remplacer toute procédure par son expérience|Pour prendre seul en charge des interventions hors habilitation
aps62-q-06-09|Alerter le responsable afin d’organiser la continuité du poste|Rester en poste sans rien dire tant qu’aucun incident ne survient|Quitter le poste après avoir envoyé un message à un collègue
aps62-q-06-10|Refuser l’argent et appliquer les règles d’accès prévues|Accepter l’argent si le passage ne retarde aucun autre visiteur|Accepter l’argent en le partageant avec le reste de l’équipe
aps62-q-06-11|Non, la loyauté ne justifie pas de falsifier un rapport|Oui, si le responsable confirme la version par écrit|Oui, si l’erreur pourrait provoquer une réclamation du client
aps62-q-06-12|Non, si les faits restent identifiables ou confidentiels|Oui, si aucun nom de personne ni d’entreprise n’apparaît|Oui, si la publication disparaît automatiquement le lendemain
aps62-q-06-13|Apporter un appui adapté et demander le relais nécessaire|Prendre toutes les décisions à sa place sans l’en informer|Attendre sa demande explicite même si la situation se dégrade
aps62-q-06-14|Limiter son action et solliciter une personne compétente|Essayer l’intervention si un collègue reste à proximité|Intervenir après avoir averti le client que l’on n’est pas habilité
aps62-q-06-15|Rappeler la règle sans aggraver inutilement le conflit|Augmenter progressivement les menaces pour obtenir l’obéissance|Éviter de préciser la règle pour conserver une marge de négociation
aps62-q-06-16|Vérifier l’identité et l’habilitation par le circuit prévu|Transmettre les codes si l’appelant connaît le nom du client|Envoyer les codes sur le numéro donné pendant l’appel
aps62-q-06-17|Conserver et remettre l’objet selon une procédure traçable|Garder l’objet au poste sans inscription jusqu’à une réclamation|Confier l’objet à un collègue qui dit connaître son propriétaire
aps62-q-06-18|Expliquer la limite et proposer une solution conforme|Exécuter la demande après confirmation orale du client|Exécuter la demande puis en parler lors de la prochaine relève
aps62-q-06-19|Ne transmettre que des faits vérifiables nécessaires à la mission|Transmettre la rumeur en précisant qu’elle reste à confirmer|Transmettre la rumeur si plusieurs collègues la connaissent déjà
aps62-q-06-20|Oui, sans laisser croire à une qualité d’autorité publique|Oui, mais seulement en présence d’un représentant de la police|Oui, sauf si une présentation ambiguë facilite le contrôle d’accès
aps62-q-06-21|Expliquer la règle appliquée et le recours prévu|Renvoyer sans explication vers l’affichage|Prolonger le contrôle si la contestation dure
aps62-q-06-22|Faire cesser le partage et signaler l’usage inapproprié|Conserver l’image dans le groupe en interdisant son transfert|Retirer le nom de la victime avant de laisser circuler l’image
aps62-q-06-23|Signaler le lien personnel et demander un relais si nécessaire|Durcir le contrôle de l’ami pour démontrer son impartialité|Traiter l’ami plus rapidement tout en remplissant le même registre
aps62-q-06-24|Non, il faut examiner le risque et corriger la procédure|Oui, tant qu’aucun dommage ne peut être directement constaté|Oui, si le client estime que le résultat du service est satisfaisant
aps62-q-06-25|Suivre la procédure et prévenir le responsable de l’absence de relève|Laisser les clés à l’accueil puis noter l’heure de départ|Partir à l’heure prévue après avoir tenté un appel sans réponse
aps62-q-06-26|Préserver la confidentialité et la fiabilité des faits transmis|Attendre de connaître la version des médias avant tout signalement|Limiter également les informations remises aux autorités habilitées
aps62-q-06-27|Limiter l’exposition de la personne et préserver sa dignité|Laisser les témoins se rapprocher pour garantir la transparence|Demander au public de confirmer collectivement que le contrôle est juste
aps62-q-06-28|Demander les explications nécessaires avant de l’appliquer en sécurité|Appliquer ce qui semble logique puis demander une validation ensuite|La remplacer par une procédure déjà connue sur un autre site
aps62-q-06-29|Oui, le compte rendu doit attribuer fidèlement les actions|Oui, mais seulement si leurs versions divergent|Non, le rédacteur peut s’attribuer les actions de l’équipe
aps62-q-06-30|Des faits établis, des limites claires et un suivi des engagements|Des assurances rassurantes même si les moyens restent incertains|Une présentation positive laissant de côté les difficultés du service
aps62-q-07-01|Garder une distance adaptée et s’exprimer calmement|Se rapprocher pour imposer un échange discret|Parler plus fort pour couvrir les protestations
aps62-q-07-02|« Je comprends la difficulté ; voici ce que je peux faire. »|« Si vous vous calmez, je verrai si je peux faire une exception. »|« Je comprends, mais les autres arrivent à respecter la règle. »
aps62-q-07-03|Préserver une distance et garder une possibilité de retrait|Se placer contre le mur pour éviter de gêner le passage|Avancer d’un pas pour reprendre le contrôle de l’échange
aps62-q-07-04|À vérifier ce qui a été compris de la difficulté exprimée|À obtenir l’acceptation de la règle sans autre explication|À montrer que l’agent connaît déjà la réponse au problème
aps62-q-07-05|La présence du public peut accentuer la pression et la tension|La présence de témoins rend la demande de renfort moins nécessaire|La présence de témoins rend la contestation plus facile à résoudre
aps62-q-07-06|Ce contact peut être interprété comme une menace par la personne|Ce contact n’est utile que si l’agent accompagne aussi un ordre ferme|Ce contact devient rassurant dès lors qu’il reste bref et sans force
aps62-q-07-07|La demande, sa raison et la suite possible de la procédure|La demande et la sanction envisagée par l’agent|La demande et l’impossibilité de la contester
aps62-q-07-08|Employer une phrase courte et proposer une option concrète|Reprendre l’explication complète en parlant plus rapidement|Ajouter les références techniques pour rendre la règle incontestable
aps62-q-07-09|Quand le risque ou la charge dépasse les moyens disponibles|Quand toutes les tentatives individuelles ont déjà échoué|Quand un contact physique permet de confirmer la gravité
aps62-q-07-10|Désigner un interlocuteur principal et coordonner les rôles|Continuer chacun son explication jusqu’à obtenir une réponse|Corriger les propos du collègue immédiatement devant la personne
aps62-q-07-11|Des menaces précises accompagnées d’une réduction de la distance|Une contestation verbale calme accompagnée d’une demande de recours|Une hésitation dans les réponses accompagnée d’une demande de traduction
aps62-q-07-12|Non, elle permet d’expliquer la règle en respectant la personne|Oui, si une exception paraît être le moyen le plus rapide de l’apaiser|Oui, si maintenir la règle risque de prolonger l’échange à l’accueil
aps62-q-07-13|Le recours prévu ou une alternative réellement accessible|Une réponse favorable provisoire à confirmer après son départ|L’intervention annoncée d’un responsable qui n’est pas joignable
aps62-q-07-14|Elle risque d’être ressentie comme une humiliation|Elle suppose que des témoins approuvent l’agent|Elle est réservée aux personnes connues du poste
aps62-q-07-15|Un espace laissant observer la situation et se retirer|Un angle permettant de garder toutes les personnes devant soi|Un passage étroit permettant d’empêcher tout déplacement imprévu
aps62-q-07-16|Envisager un besoin d’aide sans conclure trop vite à un diagnostic|Conclure à une intoxication si les réponses paraissent incohérentes|Conclure à une manœuvre d’évitement si la personne tarde à répondre
aps62-q-07-17|Poser une question simple puis laisser le temps de répondre|Présenter toutes les questions à la suite pour gagner du temps|Proposer la réponse la plus probable pour faire avancer l’échange
aps62-q-07-18|Expliquer la suite et accompagner la baisse de tension|Rappeler ses erreurs pour éviter une récidive|Garder le même ton ferme jusqu’à son départ
aps62-q-07-19|Se protéger, éloigner les tiers si possible et donner l’alerte|Rester à proximité pour obtenir une explication avant d’alerter|Tenter de saisir l’objet sans apprécier le risque ni ses moyens
aps62-q-07-20|Non, une réponse professionnelle aide à préserver la sécurité|Oui, si une réponse ferme semble nécessaire devant les témoins|Oui, si l’insulte vise directement les compétences de l’agent
aps62-q-07-21|La personne reprend le dialogue et respecte mieux la distance|Un tiers affirme que la personne s’est calmée sans lui parler|La personne se tait quelques secondes en restant très proche
aps62-q-07-22|« Vous pouvez attendre ici ou joindre le responsable à ce point. »|« Vous pouvez entrer maintenant, mais je devrai le signaler ensuite. »|« Vous pouvez contester, mais aucun responsable ne vous répondra. »
aps62-q-07-23|Pour ne pas augmenter la tension par sa propre manière de parler|Pour faire comprendre que l’agent n’a plus à écouter la réponse|Pour éviter de modifier son message même lorsque le risque évolue
aps62-q-07-24|Rester factuel et suivre la procédure malgré la provocation|Exiger d’abord l’arrêt de la vidéo avant toute autre action|Chercher à obtenir des excuses filmées avant de clore l’échange
aps62-q-07-25|Les propos utiles, gestes constatés, mesures prises et relais|Le ressenti de l’agent et son estimation du caractère de la personne|La conclusion de l’échange sans rappeler les mesures intermédiaires
aps62-q-07-26|Prendre du recul et organiser un relais lorsque c’est possible|Conclure rapidement l’échange en multipliant les injonctions|Réduire la distance pour ne plus avoir à élever la voix
aps62-q-07-27|Présenter le circuit de contact effectivement disponible|Annoncer l’arrivée prochaine du responsable sans l’avoir joint|Reporter la demande jusqu’à ce que la personne reconnaisse ses torts
aps62-q-07-28|Permettre une conduite sûre, claire et compréhensible|Faire approuver chaque justification de l’agent|Faire reconnaître publiquement la justesse du contrôle
aps62-q-07-29|Intégrer la menace dans l’évaluation et adapter protection et alerte|Attendre un geste physique avant de modifier le dispositif actuel|Réduire immédiatement la distance pour mettre fin à la menace
aps62-q-07-30|Repérer ce qui a contribué à diminuer ou à aggraver la tension|Vérifier surtout que chaque agent a défendu la même version des faits|Décider d’une réponse identique pour tous les conflits à venir
aps62-q-08-01|S’identifier, localiser, décrire puis préciser le besoin|Supposer les causes puis rechercher le lieu|Détailler les actions passées puis annoncer le besoin
aps62-q-08-02|Demander de répéter ou de reformuler les éléments mal compris|Reconstituer le message à partir de la consigne la plus habituelle|Confirmer la réception puis vérifier le sens lors de la relève
aps62-q-08-03|L’alerte demande une réponse rapide ; le compte rendu documente le suivi|L’alerte sert aux équipes internes ; le compte rendu sert aux secours|L’alerte contient les hypothèses ; le compte rendu ne contient que le résultat
aps62-q-08-04|À 09 h 42, la porte B est bloquée ouverte ; personne à proximité|À 09 h 42, la porte B paraît encore mal surveillée par les occupants|À 09 h 42, l’accès côté bureaux présente le problème habituel
aps62-q-08-05|Sa durée de validité et les conditions de retour au fonctionnement normal|Son auteur et son intitulé, en laissant la relève déduire la fin prévue|Son contenu actuel, en attendant le prochain service pour préciser la fin
aps62-q-08-06|Solliciter une clarification du responsable et tracer sa réponse|Retenir la consigne la plus récente sans vérifier son domaine d’application|Retenir la consigne déjà connue de l’équipe sans signaler la contradiction
aps62-q-08-07|Pour confirmer que l’action attendue a bien été comprise|Pour faire réciter le texte exact de la consigne|Pour déléguer le choix de l’action au destinataire
aps62-q-08-08|Un détail de vie privée sans utilité pour l’intervention|Le nombre de renforts nécessaires à la protection de la zone|Le repère précis permettant de rejoindre l’accès concerné
aps62-q-08-09|Le repère exact du site et l’accès qui peut être utilisé|Le nom général du bâtiment et l’entrée utilisée habituellement|Le point d’arrivée le plus proche sans vérifier son accessibilité
aps62-q-08-10|« Selon le témoin », en précisant ce qui a ensuite été vérifié|Présenter le récit comme un constat si le témoin semble fiable|Présenter le récit comme un constat si un collègue l’a aussi entendu
aps62-q-08-11|Pour reconstituer les délais et l’enchaînement des événements|Pour remplacer la mention du destinataire lorsque l’appel aboutit|Pour démontrer que la réponse a été adaptée, quel que soit son contenu
aps62-q-08-12|Employer le moyen de secours prévu et signaler la défaillance|Continuer la mission en attendant de vérifier la radio à la relève|Confier son secteur à un collègue sans prévenir le poste responsable
aps62-q-08-13|« Reçu, je rejoins la porte B avec le moyen demandé. »|« Entendu, je termine d’abord ma ronde. »|« Je rappelle si je peux me libérer du poste. »
aps62-q-08-14|Non, il faut alerter selon l’urgence puis compléter la trace|Oui, il faut disposer d’une chronologie complète avant l’appel|Oui, il faut faire valider le récit écrit avant d’appeler les secours
aps62-q-08-15|Décrire le périmètre parcouru et les contrôles réellement effectués|Déclarer l’ensemble du bâtiment conforme sur la base du parcours prévu|Reprendre le bilan de la ronde précédente si aucun signalement n’est reçu
aps62-q-08-16|Le responsable saisi, l’état actuel et la suite encore attendue|Le signalement initial, sans préciser les démarches déjà réalisées|Le nom du problème, en attendant sa résolution pour ajouter les détails
aps62-q-08-17|Elles risquent de créer une interprétation ambiguë du message|Elles empêchent systématiquement l’enregistrement du message radio|Elles dispensent l’émetteur de vérifier la compréhension du destinataire
aps62-q-08-18|Informer rapidement les destinataires en précisant les éléments corrigés|Remplacer discrètement le premier message dans la trace écrite disponible|Attendre de connaître toutes les conséquences avant d’informer du changement
aps62-q-08-19|Les faits constatés, les hypothèses et les actions effectuées|Les faits favorables au service et les faits contestables|Les propos reçus oralement et ceux à ne plus vérifier
aps62-q-08-20|Identifier le point non vérifié, la raison et le relais prévu|Indiquer le point conforme si aucun signalement n’est remonté au poste|Retirer le point du rapport pour ne conserver que les contrôles terminés
aps62-q-08-21|Transmettre le constat disponible en signalant ce qui reste incertain|Donner l’estimation la plus élevée sans préciser qu’elle reste incertaine|Attendre un décompte complet avant d’évoquer les personnes concernées
aps62-q-08-22|Si la porte B est anormalement ouverte, alerter le PC et protéger l’accès sans s’exposer|Si la porte B pose problème, intervenir rapidement et décider seul des moyens à employer|Si la porte B reste ouverte, rechercher la cause puis informer le PC après sa résolution
aps62-q-08-23|Pour permettre une clarification des faits et assurer leur traçabilité|Pour considérer les faits du rapport comme vérifiés sans autre contrôle|Pour éviter de recueillir un autre témoignage sur la même situation
aps62-q-08-24|Oui, selon la procédure, en identifiant notamment l’auteur et l’objet|Oui, mais seulement si un incident survient lors de son exécution|Non, si l’instruction a été entendue par deux agents de l’équipe
aps62-q-08-25|Les données immédiatement utiles, puis les précisions complémentaires|La chronologie complète, puis la localisation une fois le contexte établi|Les causes supposées, puis les demandes de moyens en fin de message
aps62-q-08-26|Décrire la contrainte concrète et demander une adaptation de la consigne|Accuser réception puis attendre une occasion de l’exécuter sans prévenir|Appliquer une autre action sans préciser que la consigne était irréalisable
aps62-q-08-27|Oui, en attribuant les propos et en les distinguant de l’analyse|Oui, en reformulant librement les mots pour rendre la menace plus claire|Non, seule l’interprétation professionnelle de la menace doit apparaître
aps62-q-08-28|Vérifier la correction et enregistrer les éléments utiles de clôture|Clôturer dès l’annonce de la libération sans vérifier le résultat|Effacer le signalement initial pour ne garder que l’état conforme
aps62-q-08-29|Un canal professionnel autorisé et adapté à cette information|Une messagerie personnelle si tous les destinataires sont collègues|La radio du poste si l’on réduit le volume pour limiter l’écoute
aps62-q-08-30|Pour accéder rapidement au bon relais pendant une urgence|Pour remplacer les consignes par sa liste d’appels|Pour appeler tous les contacts à chaque incident
aps62-q-09-01|Les faits, la règle, les risques, l’action retenue et ses limites|Le résultat recherché, l’habitude du poste et l’accord des témoins|La demande du client, le moyen disponible et la rapidité d’exécution
aps62-q-09-02|Non, les faits et le raisonnement doivent pouvoir être expliqués|Oui, si le résultat correspond à celui qui était attendu au départ|Oui, si aucun responsable ne conteste ensuite le choix de l’agent
aps62-q-09-03|La personne pourrait tenter de rejoindre une autre entrée|La porte B était ouverte au contrôle de 10 h 15|L’appel au PC a été noté après le constat d’ouverture
aps62-q-09-04|Comparer leur efficacité, les risques et leur proportionnalité|Retenir la mesure la plus rapide même si ses risques restent inconnus|Retenir la mesure habituelle sans tenir compte des personnes présentes
aps62-q-09-05|Obtenir l’information nécessaire auprès du relais approprié|Retenir l’hypothèse la plus probable sans signaler cette incertitude|Reprendre la décision d’un cas précédent sans vérifier les différences
aps62-q-09-06|Protéger de façon adaptée puis réévaluer rapidement la situation|Attendre une description complète avant toute mesure de protection|Engager tous les moyens disponibles sans apprécier leurs effets
aps62-q-09-07|Pour rendre l’incertitude visible et préparer le relais utile|Pour réserver toute responsabilité aux personnes prenant la relève|Pour éviter d’avoir à vérifier les effets de la mesure choisie
aps62-q-09-08|« Cette façon de faire est habituelle dans notre équipe. »|« La consigne prévoit ici un signalement au PC. »|« Une dégradation vient d’être constatée sur la porte. »
aps62-q-09-09|Les faits disponibles et les risques qui ont guidé le choix|L’accord informel de collègues sans rappeler les faits de la situation|L’expérience acquise au poste sans préciser les risques rencontrés
aps62-q-09-10|Pour prioriser les actions tout en organisant les suites utiles|Pour ne conserver que les tâches qui exigent une intervention immédiate|Pour traiter d’abord les demandes du client indépendamment du danger
aps62-q-09-11|La source et les faits, indépendamment de la première impression|Le nombre de collègues qui partagent déjà la même interprétation|Les éléments qui confirment le mieux l’hypothèse retenue au départ
aps62-q-09-12|Réévaluer la mesure et chercher une solution présentant moins de risque|Poursuivre la mesure jusqu’au terme prévu pour garder une ligne cohérente|Réduire la mention du nouvel effet en attendant de connaître son ampleur
aps62-q-09-13|« À 16 h, accès suspendu après constat de verre au sol ; responsable avisé. »|« À 16 h, accès suspendu par précaution ; la mesure paraît la plus adaptée. »|« À 16 h, accès suspendu comme d’habitude ; rien ne justifie de le maintenir ouvert. »
aps62-q-09-14|Adapter la mesure à la réalité et à la gravité du besoin|Garder le même niveau de contrainte dans tous les cas|Choisir la mesure la mieux acceptée par le public
aps62-q-09-15|Expliquer la condition non remplie et le recours disponible|Expliquer que le refus démontre l’existence d’un comportement suspect|Expliquer que l’expérience de l’agent suffit à justifier le refus
aps62-q-09-16|Pour maintenir la protection si le premier moyen devient inutilisable|Pour pouvoir changer de méthode sans informer les autres intervenants|Pour éviter de vérifier si le premier moyen reste adapté à la situation
aps62-q-09-17|Saisir le décideur compétent et maintenir les mesures déjà autorisées|Faire valider l’action par une personne présente qui accepte de témoigner|Mettre l’action en œuvre puis demander une régularisation au responsable
aps62-q-09-18|L’effet constaté sur le risque et les conséquences de la mesure|L’absence de remarque immédiate des témoins présents sur les lieux|La conformité du résultat annoncé avec la première impression de l’agent
aps62-q-09-19|Non, le contexte peut appeler une adaptation conforme à la règle|Oui, sinon les différences d’action rendent toute décision arbitraire|Oui, dès lors que l’intitulé de l’incident est identique dans le registre
aps62-q-09-20|Pour décider de maintenir, d’adapter ou de lever la mesure|Pour maintenir la mesure jusqu’à la prochaine relève quel que soit le risque|Pour transférer le choix au suivant sans examiner les nouveaux éléments
aps62-q-09-21|Réviser l’analyse et prévenir les destinataires qui doivent en tenir compte|Réviser seulement ses notes personnelles pour éviter de multiplier les versions|Attendre la fin de l’événement pour ne pas fragiliser la décision déjà annoncée
aps62-q-09-22|L’observation décrit un élément qui peut être vérifié|L’observation reprend l’avis commun de l’équipe|L’observation exprime une conclusion probable
aps62-q-09-23|Expliquer le risque identifié et la limite de compétence rencontrée|Expliquer que l’intervention sera plus rapide si tout lui est transféré|Expliquer que l’absence de matériel suffit à clore toute action de protection
aps62-q-09-24|Non, des risques et des écarts peuvent rester présents|Oui, après plusieurs vacations sans incident|Oui, si les agents et le client sont satisfaits
aps62-q-09-25|Oui, dès l’évaluation et l’organisation des mesures de protection|Oui, mais seulement après une demande formelle des personnes concernées|Oui, mais uniquement au moment du bilan lorsque l’urgence est terminée
aps62-q-09-26|Une option moins restrictive permet-elle une protection suffisante ?|La mesure sera-t-elle immédiatement acceptée par la majorité des témoins ?|La mesure peut-elle être appliquée sans modifier le planning des agents ?
aps62-q-09-27|Vérifier la référence puis rectifier l’argumentation utilisée|Conserver le numéro cité si la conclusion paraît malgré tout raisonnable|Supprimer uniquement la référence sans revoir le raisonnement présenté
aps62-q-09-28|Pour expliquer les risques ayant conduit à préférer une option|Pour montrer que toutes les solutions possibles ont été essayées sur place|Pour remplacer la description des moyens réellement mis en œuvre
aps62-q-09-29|Saisir le relais compétent et maintenir la protection possible|Intervenir au-delà du poste puis obtenir une validation après coup|Transmettre le dossier et cesser immédiatement toute mesure de protection
aps62-q-09-30|Les observations, les décisions, leurs effets et les incertitudes restantes|Le résultat final et l’affirmation que les consignes ont été bien appliquées|Le ressenti de réussite de l’agent et l’appréciation générale des témoins
